dataset,pred_len,seed,mse,mae
ETTh1,96,2021,0.3547268319129943,0.3844180703163147
ETTh1,96,2022,0.3554531145095824,0.3845268189907074
ETTh1,96,2023,0.3544703531265258,0.3846195638179779
ETTh1,96,2024,0.3562108385562896,0.3849005401134491
ETTh1,96,2025,0.3541388618946074,0.3838609457015991
ETTh1,192,2021,0.3943085443973541,0.4081469476222992
ETTh1,192,2022,0.393529452085495,0.4070105254650116
ETTh1,192,2023,0.3982491564750672,0.4261705875396728
ETTh1,192,2024,0.3937605094909668,0.4069404304027557
ETTh1,192,2025,0.395152337551117,0.4075401127338409
ETTh1,336,2021,0.405794697523117,0.4368455708026886
ETTh1,336,2022,0.415204870223999,0.423616498708725
ETTh1,336,2023,0.4179662640094756,0.4234392642974853
ETTh1,336,2024,0.4150446231365203,0.4228608608245849
ETTh1,336,2025,0.4059895451068878,0.4367820024490356
ETTh1,720,2021,0.4181469810009002,0.4431966245174408
ETTh1,720,2022,0.4180769455432891,0.4429583549499511
ETTh1,720,2023,0.4216824305057525,0.4429023265838623
ETTh1,720,2024,0.4213173222541809,0.4451012909412384
ETTh1,720,2025,0.420776320695877,0.458497554063797
ETTh2,96,2021,0.2733467628955841,0.3368261754512787
ETTh2,96,2022,0.2724181523323059,0.335878849029541
ETTh2,96,2023,0.2771221807003021,0.3383283913135528
ETTh2,96,2024,0.2740086426734924,0.3368150889873504
ETTh2,96,2025,0.2731042613983154,0.3364138603210449
ETTh2,192,2021,0.3318998243808746,0.3743930459022522
ETTh2,192,2022,0.335340115070343,0.3760477304458618
ETTh2,192,2023,0.3355022993087769,0.3754831254482269
ETTh2,192,2024,0.3324945297241211,0.3745312094688415
ETTh2,192,2025,0.3347632315158844,0.3752341270446777
ETTh2,336,2021,0.3514501023292541,0.3947471082210541
ETTh2,336,2022,0.3562765288352965,0.3964631855487823
ETTh2,336,2023,0.3519620168209075,0.3947842419147491
ETTh2,336,2024,0.361936764717102,0.4002260863780975
ETTh2,336,2025,0.3533745872974395,0.3958052694797516
ETTh2,720,2021,0.3758611359596253,0.4218846559524536
ETTh2,720,2022,0.3900922217369079,0.4280748963356018
ETTh2,720,2023,0.3759652950763703,0.4219445288181305
ETTh2,720,2024,0.3759727456569671,0.4216378331184387
ETTh2,720,2025,0.3771086015701294,0.4224534928798675
ETTm1,96,2021,0.3183264656066894,0.3588928878307342
ETTm1,96,2022,0.3165318293571472,0.3573197722434997
ETTm1,96,2023,0.3168512506484985,0.3575183749198913
ETTm1,96,2024,0.3168265147209167,0.3575477004051208
ETTm1,96,2025,0.316463939666748,0.3575364947319031
ETTm1,192,2021,0.338543906211853,0.370601624250412
ETTm1,192,2022,0.3394693875312805,0.371316134929657
ETTm1,192,2023,0.3390774273872375,0.3709171712398529
ETTm1,192,2024,0.3421788656711578,0.3743598461151123
ETTm1,192,2025,0.3407304131984711,0.3718221485614776
ETTm1,336,2021,0.3656273040771484,0.3859806358814239
ETTm1,336,2022,0.367137387752533,0.3866802155971527
ETTm1,336,2023,0.3654992136955261,0.3858973681926727
ETTm1,336,2024,0.3659179661273956,0.3866606950759887
ETTm1,336,2025,0.3658181283473969,0.3860166668891907
ETTm1,720,2021,0.4117306842803955,0.4117225408554077
ETTm1,720,2022,0.4138408079147338,0.4150828421115875
ETTm1,720,2023,0.4194001331329345,0.4140261709690094
ETTm1,720,2024,0.4127731397151947,0.4121985733509063
ETTm1,720,2025,0.4122552349567413,0.4118577241897583
ETTm2,96,2021,0.1649056130647659,0.2553319334983825
ETTm2,96,2022,0.1653309220075607,0.2554473876953125
ETTm2,96,2023,0.164815684556961,0.2552260756492615
ETTm2,96,2024,0.1651419603824615,0.2550638616085052
ETTm2,96,2025,0.1648058199882507,0.2544341087341308
ETTm2,192,2021,0.2189749779701233,0.2934403121471405
ETTm2,192,2022,0.2190051081180572,0.293198674917221
ETTm2,192,2023,0.2188873889446258,0.2929563820362091
ETTm2,192,2024,0.2188943626880645,0.2932715713977813
ETTm2,192,2025,0.219238162279129,0.2934050858020782
ETTm2,336,2021,0.2709400854110717,0.3281617760658264
ETTm2,336,2022,0.2709014317989349,0.3280340433120727
ETTm2,336,2023,0.2709902725219726,0.3280307650566101
ETTm2,336,2024,0.2715374431610107,0.328095406293869
ETTm2,336,2025,0.2706307671070098,0.327555388212204
ETTm2,720,2021,0.3503765890598296,0.3792758285999298
ETTm2,720,2022,0.3511650989055633,0.3796931207180023
ETTm2,720,2023,0.3501165041923522,0.3794217705726623
ETTm2,720,2024,0.3523333797454833,0.3794750273227691
ETTm2,720,2025,0.3510084280967712,0.3791165649890899
electricity,96,2021,0.1369200850725174,0.2332804054021835
electricity,96,2022,0.1366563643217086,0.2328865826129913
electricity,96,2023,0.1371445859670639,0.2336825132369995
electricity,96,2024,0.1372124011516571,0.2341533601284027
electricity,96,2025,0.1370665634870529,0.2335527092218399
electricity,192,2021,0.150550524353981,0.2446793168783188
electricity,192,2022,0.1507492909431457,0.2448600083589553
electricity,192,2023,0.1511816481351852,0.2463823556900024
electricity,192,2024,0.1505856463909149,0.24484184384346
electricity,192,2025,0.151932890176773,0.2465688437223434
electricity,336,2021,0.1657939974069595,0.2602074742317199
electricity,336,2022,0.1658340666294097,0.2602315247058868
electricity,336,2023,0.1661873135566711,0.2609125673770904
electricity,336,2024,0.1660099897384643,0.260735809803009
electricity,336,2025,0.1661746326684951,0.26115283370018
electricity,720,2021,0.2049771863222122,0.2929930388927459
electricity,720,2022,0.2049464303255081,0.2930302321910858
electricity,720,2023,0.2050960081815719,0.2933726906776428
electricity,720,2024,0.2049464750289917,0.2929298281669616
electricity,720,2025,0.205033900141716,0.2931395471096039
traffic,96,2021,0.3888865485191345,0.2664133310317993
traffic,96,2022,0.3894111588001251,0.267560064792633
traffic,96,2023,0.3889508023262024,0.2665257751941681
traffic,96,2024,0.3887958600521088,0.2662616968154907
traffic,96,2025,0.3889556303024292,0.266416072845459
traffic,192,2021,0.3983079423904419,0.2701669931411743
traffic,192,2022,0.3987563481330872,0.2708712220191955
traffic,192,2023,0.39921733045578,0.2716354429721832
traffic,192,2024,0.4000644614696503,0.2725230455398559
traffic,192,2025,0.3986539175510406,0.2705714404582977
traffic,336,2021,0.412231248140335,0.2767772972583771
traffic,336,2022,0.4113668615818023,0.2765010297298431
traffic,336,2023,0.4116265292167663,0.2763053178787231
traffic,336,2024,0.4133947010040283,0.2794171571731567
traffic,336,2025,0.4113806600570678,0.2761163413524627
traffic,720,2021,0.4467229993343353,0.2976266145706177
traffic,720,2022,0.4472185523509979,0.2987317442893982
traffic,720,2023,0.447025999546051,0.2984939217567444
traffic,720,2024,0.4473368079662323,0.2985866665840149
traffic,720,2025,0.4466956408023834,0.2979324162006378
weather,96,2021,0.1678059958219528,0.2222338318824768
weather,96,2022,0.1680893861055374,0.2221948653459549
weather,96,2023,0.1686551533937454,0.2231355458498001
weather,96,2024,0.1671621166467666,0.2215014398097992
weather,96,2025,0.1682873480319977,0.2224311977624893
weather,192,2021,0.2070494499206542,0.2576275467872619
weather,192,2022,0.2089412417411804,0.2591145038604736
weather,192,2023,0.2095609214305877,0.2598768770694732
weather,192,2024,0.2095561977624893,0.2597720921039581
weather,192,2025,0.2098921891450881,0.2602548003196716
weather,336,2021,0.255579882621765,0.2944109439849853
weather,336,2022,0.2563901779651641,0.2941593825817108
weather,336,2023,0.2548873362541198,0.2928641736507416
weather,336,2024,0.2568612930774688,0.2947623133659363
weather,336,2025,0.2562813100814818,0.2941391170024872
weather,720,2021,0.3188303651809692,0.3388092219829559
weather,720,2022,0.3178885819911956,0.3379948735237121
weather,720,2023,0.3196844103336334,0.3391916453838348
weather,720,2024,0.3194934966564178,0.3389704525470733
weather,720,2025,0.3191031458377838,0.3390105366706848
